Series Name,Series Code,Country Name,Country Code,Year,Rainfall - (MM)
Average precipitation in depth (mm per year),AG.LND.PRCP.MM,Afghanistan,AFG,2000,327
Average precipitation in depth (mm per year),AG.LND.PRCP.MM,Afghanistan,AFG,2001,327
Average precipitation in depth (mm per year),AG.LND.PRCP.MM,Afghanistan,AFG,2002,327
Average precipitation in depth (mm per year),AG.LND.PRCP.MM,Afghanistan,AFG,2003,327
Average precipitation in depth (mm per year),AG.LND.PRCP.MM,Afghanistan,AFG,2004,327
Average precipitation in depth (mm per year),AG.LND.PRCP.MM,Afghanistan,AFG,2005,327
Average precipitation in depth (mm per year),AG.LND.PRCP.MM,Afghanistan,AFG,2006,327
Average precipitation in depth (mm per year),AG.LND.PRCP.MM,Afghanistan,AFG,2007,327
Average precipitation in depth (mm per year),AG.LND.PRCP.MM,Afghanistan,AFG,2008,327
Average precipitation in depth (mm per year),AG.LND.PRCP.MM,Afghanistan,AFG,2009,327
Average precipitation in depth (mm per year),AG.LND.PRCP.MM,Afghanistan,AFG,2010,327
Average precipitation in depth (mm per year),AG.LND.PRCP.MM,Afghanistan,AFG,2011,327
Average precipitation in depth (mm per year),AG.LND.PRCP.MM,Afghanistan,AFG,2012,327
Average precipitation in depth (mm per year),AG.LND.PRCP.MM,Afghanistan,AFG,2013,327
Average precipitation in depth (mm per year),AG.LND.PRCP.MM,Afghanistan,AFG,2014,327
Average precipitation in depth (mm per year),AG.LND.PRCP.MM,Afghanistan,AFG,2015,327
Average precipitation in depth (mm per year),AG.LND.PRCP.MM,Afghanistan,AFG,2016,327
Average precipitation in depth (mm per year),AG.LND.PRCP.MM,Afghanistan,AFG,2017,327
Average precipitation in depth (mm per year),AG.LND.PRCP.MM,Afghanistan,AFG,2018,327
Average precipitation in depth (mm per year),AG.LND.PRCP.MM,Afghanistan,AFG,2019,327
Average precipitation in depth (mm per year),AG.LND.PRCP.MM,Afghanistan,AFG,2020,327
Average precipitation in depth (mm per year),AG.LND.PRCP.MM,Bangladesh,BGD,2000,2666
Average precipitation in depth (mm per year),AG.LND.PRCP.MM,Bangladesh,BGD,2001,2666
Average precipitation in depth (mm per year),AG.LND.PRCP.MM,Bangladesh,BGD,2002,2666
Average precipitation in depth (mm per year),AG.LND.PRCP.MM,Bangladesh,BGD,2003,2666
Average precipitation in depth (mm per year),AG.LND.PRCP.MM,Bangladesh,BGD,2004,2666
Average precipitation in depth (mm per year),AG.LND.PRCP.MM,Bangladesh,BGD,2005,2666
Average precipitation in depth (mm per year),AG.LND.PRCP.MM,Bangladesh,BGD,2006,2666
Average precipitation in depth (mm per year),AG.LND.PRCP.MM,Bangladesh,BGD,2007,2666
Average precipitation in depth (mm per year),AG.LND.PRCP.MM,Bangladesh,BGD,2008,2666
Average precipitation in depth (mm per year),AG.LND.PRCP.MM,Bangladesh,BGD,2009,2666
Average precipitation in depth (mm per year),AG.LND.PRCP.MM,Bangladesh,BGD,2010,2666
Average precipitation in depth (mm per year),AG.LND.PRCP.MM,Bangladesh,BGD,2011,2666
Average precipitation in depth (mm per year),AG.LND.PRCP.MM,Bangladesh,BGD,2012,2666
Average precipitation in depth (mm per year),AG.LND.PRCP.MM,Bangladesh,BGD,2013,2666
Average precipitation in depth (mm per year),AG.LND.PRCP.MM,Bangladesh,BGD,2014,2666
Average precipitation in depth (mm per year),AG.LND.PRCP.MM,Bangladesh,BGD,2015,2666
Average precipitation in depth (mm per year),AG.LND.PRCP.MM,Bangladesh,BGD,2016,2666
Average precipitation in depth (mm per year),AG.LND.PRCP.MM,Bangladesh,BGD,2017,2666
Average precipitation in depth (mm per year),AG.LND.PRCP.MM,Bangladesh,BGD,2018,2666
Average precipitation in depth (mm per year),AG.LND.PRCP.MM,Bangladesh,BGD,2019,2666
Average precipitation in depth (mm per year),AG.LND.PRCP.MM,Bangladesh,BGD,2020,2666
Average precipitation in depth (mm per year),AG.LND.PRCP.MM,Bhutan,BTN,2000,2200
Average precipitation in depth (mm per year),AG.LND.PRCP.MM,Bhutan,BTN,2001,2200
Average precipitation in depth (mm per year),AG.LND.PRCP.MM,Bhutan,BTN,2002,2200
Average precipitation in depth (mm per year),AG.LND.PRCP.MM,Bhutan,BTN,2003,2200
Average precipitation in depth (mm per year),AG.LND.PRCP.MM,Bhutan,BTN,2004,2200
Average precipitation in depth (mm per year),AG.LND.PRCP.MM,Bhutan,BTN,2005,2200
Average precipitation in depth (mm per year),AG.LND.PRCP.MM,Bhutan,BTN,2006,2200
Average precipitation in depth (mm per year),AG.LND.PRCP.MM,Bhutan,BTN,2007,2200
Average precipitation in depth (mm per year),AG.LND.PRCP.MM,Bhutan,BTN,2008,2200
Average precipitation in depth (mm per year),AG.LND.PRCP.MM,Bhutan,BTN,2009,2200
Average precipitation in depth (mm per year),AG.LND.PRCP.MM,Bhutan,BTN,2010,2200
Average precipitation in depth (mm per year),AG.LND.PRCP.MM,Bhutan,BTN,2011,2200
Average precipitation in depth (mm per year),AG.LND.PRCP.MM,Bhutan,BTN,2012,2200
Average precipitation in depth (mm per year),AG.LND.PRCP.MM,Bhutan,BTN,2013,2200
Average precipitation in depth (mm per year),AG.LND.PRCP.MM,Bhutan,BTN,2014,2200
Average precipitation in depth (mm per year),AG.LND.PRCP.MM,Bhutan,BTN,2015,2200
Average precipitation in depth (mm per year),AG.LND.PRCP.MM,Bhutan,BTN,2016,2200
Average precipitation in depth (mm per year),AG.LND.PRCP.MM,Bhutan,BTN,2017,2200
Average precipitation in depth (mm per year),AG.LND.PRCP.MM,Bhutan,BTN,2018,2200
Average precipitation in depth (mm per year),AG.LND.PRCP.MM,Bhutan,BTN,2019,2200
Average precipitation in depth (mm per year),AG.LND.PRCP.MM,Bhutan,BTN,2020,2200
Average precipitation in depth (mm per year),AG.LND.PRCP.MM,China,CHN,2000,645
Average precipitation in depth (mm per year),AG.LND.PRCP.MM,China,CHN,2001,645
Average precipitation in depth (mm per year),AG.LND.PRCP.MM,China,CHN,2002,645
Average precipitation in depth (mm per year),AG.LND.PRCP.MM,China,CHN,2003,645
Average precipitation in depth (mm per year),AG.LND.PRCP.MM,China,CHN,2004,645
Average precipitation in depth (mm per year),AG.LND.PRCP.MM,China,CHN,2005,645
Average precipitation in depth (mm per year),AG.LND.PRCP.MM,China,CHN,2006,645
Average precipitation in depth (mm per year),AG.LND.PRCP.MM,China,CHN,2007,645
Average precipitation in depth (mm per year),AG.LND.PRCP.MM,China,CHN,2008,645
Average precipitation in depth (mm per year),AG.LND.PRCP.MM,China,CHN,2009,645
Average precipitation in depth (mm per year),AG.LND.PRCP.MM,China,CHN,2010,645
Average precipitation in depth (mm per year),AG.LND.PRCP.MM,China,CHN,2011,645
Average precipitation in depth (mm per year),AG.LND.PRCP.MM,China,CHN,2012,645
Average precipitation in depth (mm per year),AG.LND.PRCP.MM,China,CHN,2013,645
Average precipitation in depth (mm per year),AG.LND.PRCP.MM,China,CHN,2014,645
Average precipitation in depth (mm per year),AG.LND.PRCP.MM,China,CHN,2015,645
Average precipitation in depth (mm per year),AG.LND.PRCP.MM,China,CHN,2016,645
Average precipitation in depth (mm per year),AG.LND.PRCP.MM,China,CHN,2017,645
Average precipitation in depth (mm per year),AG.LND.PRCP.MM,China,CHN,2018,645
Average precipitation in depth (mm per year),AG.LND.PRCP.MM,China,CHN,2019,645
Average precipitation in depth (mm per year),AG.LND.PRCP.MM,China,CHN,2020,645
Average precipitation in depth (mm per year),AG.LND.PRCP.MM,India,IND,2000,1083
Average precipitation in depth (mm per year),AG.LND.PRCP.MM,India,IND,2001,1083
Average precipitation in depth (mm per year),AG.LND.PRCP.MM,India,IND,2002,1083
Average precipitation in depth (mm per year),AG.LND.PRCP.MM,India,IND,2003,1083
Average precipitation in depth (mm per year),AG.LND.PRCP.MM,India,IND,2004,1083
Average precipitation in depth (mm per year),AG.LND.PRCP.MM,India,IND,2005,1083
Average precipitation in depth (mm per year),AG.LND.PRCP.MM,India,IND,2006,1083
Average precipitation in depth (mm per year),AG.LND.PRCP.MM,India,IND,2007,1083
Average precipitation in depth (mm per year),AG.LND.PRCP.MM,India,IND,2008,1083
Average precipitation in depth (mm per year),AG.LND.PRCP.MM,India,IND,2009,1083
Average precipitation in depth (mm per year),AG.LND.PRCP.MM,India,IND,2010,1083
Average precipitation in depth (mm per year),AG.LND.PRCP.MM,India,IND,2011,1083
Average precipitation in depth (mm per year),AG.LND.PRCP.MM,India,IND,2012,1083
Average precipitation in depth (mm per year),AG.LND.PRCP.MM,India,IND,2013,1083
Average precipitation in depth (mm per year),AG.LND.PRCP.MM,India,IND,2014,1083
Average precipitation in depth (mm per year),AG.LND.PRCP.MM,India,IND,2015,1083
Average precipitation in depth (mm per year),AG.LND.PRCP.MM,India,IND,2016,1083
Average precipitation in depth (mm per year),AG.LND.PRCP.MM,India,IND,2017,1083
Average precipitation in depth (mm per year),AG.LND.PRCP.MM,India,IND,2018,1083
Average precipitation in depth (mm per year),AG.LND.PRCP.MM,India,IND,2019,1083
Average precipitation in depth (mm per year),AG.LND.PRCP.MM,India,IND,2020,1083
Average precipitation in depth (mm per year),AG.LND.PRCP.MM,Myanmar,MMR,2000,2091
Average precipitation in depth (mm per year),AG.LND.PRCP.MM,Myanmar,MMR,2001,2091
Average precipitation in depth (mm per year),AG.LND.PRCP.MM,Myanmar,MMR,2002,2091
Average precipitation in depth (mm per year),AG.LND.PRCP.MM,Myanmar,MMR,2003,2091
Average precipitation in depth (mm per year),AG.LND.PRCP.MM,Myanmar,MMR,2004,2091
Average precipitation in depth (mm per year),AG.LND.PRCP.MM,Myanmar,MMR,2005,2091
Average precipitation in depth (mm per year),AG.LND.PRCP.MM,Myanmar,MMR,2006,2091
Average precipitation in depth (mm per year),AG.LND.PRCP.MM,Myanmar,MMR,2007,2091
Average precipitation in depth (mm per year),AG.LND.PRCP.MM,Myanmar,MMR,2008,2091
Average precipitation in depth (mm per year),AG.LND.PRCP.MM,Myanmar,MMR,2009,2091
Average precipitation in depth (mm per year),AG.LND.PRCP.MM,Myanmar,MMR,2010,2091
Average precipitation in depth (mm per year),AG.LND.PRCP.MM,Myanmar,MMR,2011,2091
Average precipitation in depth (mm per year),AG.LND.PRCP.MM,Myanmar,MMR,2012,2091
Average precipitation in depth (mm per year),AG.LND.PRCP.MM,Myanmar,MMR,2013,2091
Average precipitation in depth (mm per year),AG.LND.PRCP.MM,Myanmar,MMR,2014,2091
Average precipitation in depth (mm per year),AG.LND.PRCP.MM,Myanmar,MMR,2015,2091
Average precipitation in depth (mm per year),AG.LND.PRCP.MM,Myanmar,MMR,2016,2091
Average precipitation in depth (mm per year),AG.LND.PRCP.MM,Myanmar,MMR,2017,2091
Average precipitation in depth (mm per year),AG.LND.PRCP.MM,Myanmar,MMR,2018,2091
Average precipitation in depth (mm per year),AG.LND.PRCP.MM,Myanmar,MMR,2019,2091
Average precipitation in depth (mm per year),AG.LND.PRCP.MM,Myanmar,MMR,2020,2091
Average precipitation in depth (mm per year),AG.LND.PRCP.MM,Nepal,NPL,2000,1500
Average precipitation in depth (mm per year),AG.LND.PRCP.MM,Nepal,NPL,2001,1500
Average precipitation in depth (mm per year),AG.LND.PRCP.MM,Nepal,NPL,2002,1500
Average precipitation in depth (mm per year),AG.LND.PRCP.MM,Nepal,NPL,2003,1500
Average precipitation in depth (mm per year),AG.LND.PRCP.MM,Nepal,NPL,2004,1500
Average precipitation in depth (mm per year),AG.LND.PRCP.MM,Nepal,NPL,2005,1500
Average precipitation in depth (mm per year),AG.LND.PRCP.MM,Nepal,NPL,2006,1500
Average precipitation in depth (mm per year),AG.LND.PRCP.MM,Nepal,NPL,2007,1500
Average precipitation in depth (mm per year),AG.LND.PRCP.MM,Nepal,NPL,2008,1500
Average precipitation in depth (mm per year),AG.LND.PRCP.MM,Nepal,NPL,2009,1500
Average precipitation in depth (mm per year),AG.LND.PRCP.MM,Nepal,NPL,2010,1500
Average precipitation in depth (mm per year),AG.LND.PRCP.MM,Nepal,NPL,2011,1500
Average precipitation in depth (mm per year),AG.LND.PRCP.MM,Nepal,NPL,2012,1500
Average precipitation in depth (mm per year),AG.LND.PRCP.MM,Nepal,NPL,2013,1500
Average precipitation in depth (mm per year),AG.LND.PRCP.MM,Nepal,NPL,2014,1500
Average precipitation in depth (mm per year),AG.LND.PRCP.MM,Nepal,NPL,2015,1500
Average precipitation in depth (mm per year),AG.LND.PRCP.MM,Nepal,NPL,2016,1500
Average precipitation in depth (mm per year),AG.LND.PRCP.MM,Nepal,NPL,2017,1500
Average precipitation in depth (mm per year),AG.LND.PRCP.MM,Nepal,NPL,2018,1500
Average precipitation in depth (mm per year),AG.LND.PRCP.MM,Nepal,NPL,2019,1500
Average precipitation in depth (mm per year),AG.LND.PRCP.MM,Nepal,NPL,2020,1500
Average precipitation in depth (mm per year),AG.LND.PRCP.MM,Pakistan,PAK,2000,494
Average precipitation in depth (mm per year),AG.LND.PRCP.MM,Pakistan,PAK,2001,494
Average precipitation in depth (mm per year),AG.LND.PRCP.MM,Pakistan,PAK,2002,494
Average precipitation in depth (mm per year),AG.LND.PRCP.MM,Pakistan,PAK,2003,494
Average precipitation in depth (mm per year),AG.LND.PRCP.MM,Pakistan,PAK,2004,494
Average precipitation in depth (mm per year),AG.LND.PRCP.MM,Pakistan,PAK,2005,494
Average precipitation in depth (mm per year),AG.LND.PRCP.MM,Pakistan,PAK,2006,494
Average precipitation in depth (mm per year),AG.LND.PRCP.MM,Pakistan,PAK,2007,494
Average precipitation in depth (mm per year),AG.LND.PRCP.MM,Pakistan,PAK,2008,494
Average precipitation in depth (mm per year),AG.LND.PRCP.MM,Pakistan,PAK,2009,494
Average precipitation in depth (mm per year),AG.LND.PRCP.MM,Pakistan,PAK,2010,494
Average precipitation in depth (mm per year),AG.LND.PRCP.MM,Pakistan,PAK,2011,494
Average precipitation in depth (mm per year),AG.LND.PRCP.MM,Pakistan,PAK,2012,494
Average precipitation in depth (mm per year),AG.LND.PRCP.MM,Pakistan,PAK,2013,494
Average precipitation in depth (mm per year),AG.LND.PRCP.MM,Pakistan,PAK,2014,494
Average precipitation in depth (mm per year),AG.LND.PRCP.MM,Pakistan,PAK,2015,494
Average precipitation in depth (mm per year),AG.LND.PRCP.MM,Pakistan,PAK,2016,494
Average precipitation in depth (mm per year),AG.LND.PRCP.MM,Pakistan,PAK,2017,494
Average precipitation in depth (mm per year),AG.LND.PRCP.MM,Pakistan,PAK,2018,494
Average precipitation in depth (mm per year),AG.LND.PRCP.MM,Pakistan,PAK,2019,494
Average precipitation in depth (mm per year),AG.LND.PRCP.MM,Pakistan,PAK,2020,494
Average precipitation in depth (mm per year),AG.LND.PRCP.MM,Sri Lanka,LKA,2000,1712
Average precipitation in depth (mm per year),AG.LND.PRCP.MM,Sri Lanka,LKA,2001,1712
Average precipitation in depth (mm per year),AG.LND.PRCP.MM,Sri Lanka,LKA,2002,1712
Average precipitation in depth (mm per year),AG.LND.PRCP.MM,Sri Lanka,LKA,2003,1712
Average precipitation in depth (mm per year),AG.LND.PRCP.MM,Sri Lanka,LKA,2004,1712
Average precipitation in depth (mm per year),AG.LND.PRCP.MM,Sri Lanka,LKA,2005,1712
Average precipitation in depth (mm per year),AG.LND.PRCP.MM,Sri Lanka,LKA,2006,1712
Average precipitation in depth (mm per year),AG.LND.PRCP.MM,Sri Lanka,LKA,2007,1712
Average precipitation in depth (mm per year),AG.LND.PRCP.MM,Sri Lanka,LKA,2008,1712
Average precipitation in depth (mm per year),AG.LND.PRCP.MM,Sri Lanka,LKA,2009,1712
Average precipitation in depth (mm per year),AG.LND.PRCP.MM,Sri Lanka,LKA,2010,1712
Average precipitation in depth (mm per year),AG.LND.PRCP.MM,Sri Lanka,LKA,2011,1712
Average precipitation in depth (mm per year),AG.LND.PRCP.MM,Sri Lanka,LKA,2012,1712
Average precipitation in depth (mm per year),AG.LND.PRCP.MM,Sri Lanka,LKA,2013,1712
Average precipitation in depth (mm per year),AG.LND.PRCP.MM,Sri Lanka,LKA,2014,1712
Average precipitation in depth (mm per year),AG.LND.PRCP.MM,Sri Lanka,LKA,2015,1712
Average precipitation in depth (mm per year),AG.LND.PRCP.MM,Sri Lanka,LKA,2016,1712
Average precipitation in depth (mm per year),AG.LND.PRCP.MM,Sri Lanka,LKA,2017,1712
Average precipitation in depth (mm per year),AG.LND.PRCP.MM,Sri Lanka,LKA,2018,1712
Average precipitation in depth (mm per year),AG.LND.PRCP.MM,Sri Lanka,LKA,2019,1712
Average precipitation in depth (mm per year),AG.LND.PRCP.MM,Sri Lanka,LKA,2020,1712
